  0,   0,   0,   0,   0,   0,   0,   8, -16,   4,   5,   0,   0,   0
  0,   0,   0,   0,   0,   0,   0,  -8,  16,  -4,  -5,   0,   0,   2
  0,   0,   0,   0,   0,   0,   0,   8, -16,   4,   5,   0,   0,   2
  0,   0,   0,   0,   0,   0,   0,   0,   0,   0,   0,  -1,   2,   2
  0,   0,   0,   0,   0,   0,   0,  -4,   8,  -1,  -5,   0,   0,   2
  0,   0,   0,   0,   0,   0,   0,   4,  -8,   3,   0,   0,   0,   1
  0,   0,   1,  -1,   1,   0,   0,   3,  -8,   3,   0,   0,   0,   0
 -1,   0,   0,   0,   0,   0,  10,  -3,   0,   0,   0,   0,   0,   0
  0,   0,   0,   0,   0,   0,   0,   0,   0,  -2,   6,  -3,   0,   2
  0,   0,   0,   0,   0,   0,   0,   4,  -8,   3,   0,   0,   0,   0
  0,   0,   1,  -1,   1,   0,   0,  -5,   8,  -3,   0,   0,   0,   0
  0,   0,   0,   0,   0,   0,   0,  -4,   8,  -3,   0,   0,   0,   1
  0,   0,   0,   0,   0,   0,   0,   4,  -8,   1,   5,   0,   0,   2
  0,   0,   0,   0,   0,   0,  -5,   6,   4,   0,   0,   0,   0,   2
  0,   0,   0,   0,   0,   0,   0,   0,   0,   2,  -5,   0,   0,   2
  0,   0,   0,   0,   0,   0,   0,   0,   0,   2,  -5,   0,   0,   1
  0,   0,   1,  -1,   1,   0,   0,  -1,   0,   2,  -5,   0,   0,   0
  0,   0,   0,   0,   0,   0,   0,   0,   0,   2,  -5,   0,   0,   0
  0,   0,   1,  -1,   1,   0,   0,  -1,   0,  -2,   5,   0,   0,   0
  0,   0,   0,   0,   0,   0,   0,   0,   0,  -2,   5,   0,   0,   1
  0,   0,   0,   0,   0,   0,   0,   0,   0,  -2,   5,   0,   0,   2
  2,   0,  -1,  -1,   0,   0,   0,   3,  -7,   0,   0,   0,   0,   0
  1,   0,   0,  -2,   0,   0,  19, -21,   3,   0,   0,   0,   0,   0
  0,   0,   1,  -1,   1,   0,   2,  -4,   0,  -3,   0,   0,   0,   0
  1,   0,   0,  -1,   1,   0,   0,  -1,   0,   2,   0,   0,   0,   0
  0,   0,   1,  -1,   1,   0,   0,  -1,   0,  -4,  10,   0,   0,   0
 -2,   0,   0,   2,   1,   0,   0,   2,   0,   0,  -5,   0,   0,   0
  0,   0,   0,   0,   0,   0,   3,  -7,   4,   0,   0,   0,   0,   0
  0,   0,  -1,   1,   0,   0,   0,   1,   0,   1,  -1,   0,   0,   0
 -2,   0,   0,   2,   1,   0,   0,   2,   0,  -2,   0,   0,   0,   0
 -1,   0,   0,   0,   0,   0,  18, -16,   0,   0,   0,   0,   0,   0
 -2,   0,   1,   1,   2,   0,   0,   1,   0,  -2,   0,   0,   0,   0
 -1,   0,   1,  -1,   1,   0,  18, -17,   0,   0,   0,   0,   0,   0
 -1,   0,   0,   1,   1,   0,   0,   2,  -2,   0,   0,   0,   0,   0
  0,   0,   0,   0,   0,   0,  -8,  13,   0,   0,   0,   0,   0,   2
  0,   0,   2,  -2,   2,   0,  -8,  11,   0,   0,   0,   0,   0,   0
  0,   0,   0,   0,   0,   0,  -8,  13,   0,   0,   0,   0,   0,   1
  0,   0,   1,  -1,   1,   0,  -8,  12,   0,   0,   0,   0,   0,   0
  0,   0,   0,   0,   0,   0,   8, -13,   0,   0,   0,   0,   0,   0
  0,   0,   1,  -1,   1,   0,   8, -14,   0,   0,   0,   0,   0,   0
  0,   0,   0,   0,   0,   0,   8, -13,   0,   0,   0,   0,   0,   1
 -2,   0,   0,   2,   1,   0,   0,   2,   0,  -4,   5,   0,   0,   0
 -2,   0,   0,   2,   2,   0,   3,  -3,   0,   0,   0,   0,   0,   0
 -2,   0,   0,   2,   0,   0,   0,   2,   0,  -3,   1,   0,   0,   0
  0,   0,   0,   0,   1,   0,   3,  -5,   0,   2,   0,   0,   0,   0
 -2,   0,   0,   2,   0,   0,   0,   2,   0,  -4,   3,   0,   0,   0
  0,   0,  -1,   1,   0,   0,   0,   0,   2,   0,   0,   0,   0,   0
  0,   0,   0,   0,   1,   0,   0,  -1,   2,   0,   0,   0,   0,   0
  0,   0,   1,  -1,   2,   0,   0,  -2,   2,   0,   0,   0,   0,   0
 -1,   0,   1,   0,   1,   0,   3,  -5,   0,   0,   0,   0,   0,   0
 -1,   0,   0,   1,   0,   0,   3,  -4,   0,   0,   0,   0,   0,   0
 -2,   0,   0,   2,   0,   0,   0,   2,   0,  -2,  -2,   0,   0,   0
 -2,   0,   2,   0,   2,   0,   0,  -5,   9,   0,   0,   0,   0,   0
  0,   0,   1,  -1,   1,   0,   0,  -1,   0,   0,   0,  -1,   0,   0
  0,   0,   0,   0,   0,   0,   0,   0,   0,   0,   0,   1,   0,   0
  0,   0,   1,  -1,   1,   0,   0,  -1,   0,   0,   0,   0,   2,   0
  0,   0,   0,   0,   0,   0,   0,   0,   0,   0,   0,   0,   2,   1
  0,   0,   0,   0,   0,   0,   0,   0,   0,   0,   0,   0,   2,   2
 -1,   0,   0,   1,   0,   0,   0,   3,  -4,   0,   0,   0,   0,   0
  0,   0,  -1,   1,   0,   0,   0,   1,   0,   0,   2,   0,   0,   0
  0,   0,   1,  -1,   2,   0,   0,  -1,   0,   0,   2,   0,   0,   0
  0,   0,   0,   0,   1,   0,   0,  -9,  17,   0,   0,   0,   0,   0
  0,   0,   0,   0,   2,   0,  -3,   5,   0,   0,   0,   0,   0,   0
  0,   0,   1,  -1,   1,   0,   0,  -1,   0,  -1,   2,   0,   0,   0
  0,   0,   0,   0,   0,   0,   0,   0,   0,   1,  -2,   0,   0,   0
  1,   0,   0,  -2,   0,   0,  17, -16,   0,  -2,   0,   0,   0,   0
  0,   0,   1,  -1,   1,   0,   0,  -1,   0,   1,  -3,   0,   0,   0
 -2,   0,   0,   2,   1,   0,   0,   5,  -6,   0,   0,   0,   0,   0
  0,   0,  -2,   2,   0,   0,   0,   9, -13,   0,   0,   0,   0,   0
  0,   0,   1,  -1,   2,   0,   0,  -1,   0,   0,   1,   0,   0,   0
  0,   0,   0,   0,   1,   0,   0,   0,   0,   0,   1,   0,   0,   0
  0,   0,  -1,   1,   0,   0,   0,   1,   0,   0,   1,   0,   0,   0
  0,   0,  -2,   2,   0,   0,   5,  -6,   0,   0,   0,   0,   0,   0
  0,   0,  -1,   1,   1,   0,   5,  -7,   0,   0,   0,   0,   0,   0
 -2,   0,   0,   2,   0,   0,   6,  -8,   0,   0,   0,   0,   0,   0
  2,   0,   1,  -3,   1,   0,  -6,   7,   0,   0,   0,   0,   0,   0
  0,   0,   0,   0,   2,   0,   0,   0,   0,   1,   0,   0,   0,   0
  0,   0,  -1,   1,   1,   0,   0,   1,   0,   1,   0,   0,   0,   0
  0,   0,   1,  -1,   1,   0,   0,  -1,   0,   0,   0,   2,   0,   0
  0,   0,   0,   0,   0,   0,   0,   0,   0,   0,   0,   2,   0,   1
  0,   0,   0,   0,   0,   0,   0,   0,   0,   0,   0,   2,   0,   2
  0,   0,   0,   0,   0,   0,   0,  -8,  15,   0,   0,   0,   0,   2
  0,   0,   0,   0,   0,   0,   0,  -8,  15,   0,   0,   0,   0,   1
  0,   0,   1,  -1,   1,   0,   0,  -9,  15,   0,   0,   0,   0,   0
  0,   0,   0,   0,   0,   0,   0,   8, -15,   0,   0,   0,   0,   0
  1,   0,  -1,  -1,   0,   0,   0,   8, -15,   0,   0,   0,   0,   0
  2,   0,   0,  -2,   0,   0,   2,  -5,   0,   0,   0,   0,   0,   0
 -2,   0,   0,   2,   0,   0,   0,   2,   0,  -5,   5,   0,   0,   0
  2,   0,   0,  -2,   1,   0,   0,  -6,   8,   0,   0,   0,   0,   0
  2,   0,   0,  -2,   1,   0,   0,  -2,   0,   3,   0,   0,   0,   0
 -2,   0,   1,   1,   0,   0,   0,   1,   0,  -3,   0,   0,   0,   0
 -2,   0,   1,   1,   1,   0,   0,   1,   0,  -3,   0,   0,   0,   0
 -2,   0,   0,   2,   0,   0,   0,   2,   0,  -3,   0,   0,   0,   0
 -2,   0,   0,   2,   0,   0,   0,   6,  -8,   0,   0,   0,   0,   0
 -2,   0,   0,   2,   0,   0,   0,   2,   0,  -1,  -5,   0,   0,   0
 -1,   0,   0,   1,   0,   0,   0,   1,   0,  -1,   0,   0,   0,   0
 -1,   0,   1,   1,   1,   0, -20,  20,   0,   0,   0,   0,   0,   0
  1,   0,   0,  -2,   0,   0,  20, -21,   0,   0,   0,   0,   0,   0
  0,   0,   0,   0,   1,   0,   0,   8, -15,   0,   0,   0,   0,   0
  0,   0,   2,  -2,   1,   0,   0, -10,  15,   0,   0,   0,   0,   0
  0,   0,  -1,   1,   0,   0,   0,   1,   0,   1,   0,   0,   0,   0
  0,   0,   0,   0,   1,   0,   0,   0,   0,   1,   0,   0,   0,   0
  0,   0,   1,  -1,   2,   0,   0,  -1,   0,   1,   0,   0,   0,   0
  0,   0,   1,  -1,   1,   0,   0,  -1,   0,  -2,   4,   0,   0,   0
  2,   0,   0,  -2,   1,   0,  -6,   8,   0,   0,   0,   0,   0,   0
  0,   0,  -2,   2,   1,   0,   5,  -6,   0,   0,   0,   0,   0,   0
  0,   0,   0,   0,   0,   0,   0,   0,   0,   0,  -1,   0,   0,   1
  0,   0,   1,  -1,   1,   0,   0,  -1,   0,   0,  -1,   0,   0,   0
  0,   0,   0,   0,   0,   0,   0,   0,   0,   0,   1,   0,   0,   0
  0,   0,   1,  -1,   1,   0,   0,  -1,   0,   0,   1,   0,   0,   0
  0,   0,   0,   0,   0,   0,   0,   0,   0,   0,   1,   0,   0,   1
  0,   0,   0,   0,   0,   0,   0,   0,   0,   0,   1,   0,   0,   2
  0,   0,   2,  -2,   1,   0,   0,  -9,  13,   0,   0,   0,   0,   0
  0,   0,   0,   0,   1,   0,   0,   7, -13,   0,   0,   0,   0,   0
 -2,   0,   0,   2,   0,   0,   0,   5,  -6,   0,   0,   0,   0,   0
  0,   0,   0,   0,   0,   0,   0,   9, -17,   0,   0,   0,   0,   0
  0,   0,   0,   0,   0,   0,   0,  -9,  17,   0,   0,   0,   0,   2
  1,   0,   0,  -1,   1,   0,   0,  -3,   4,   0,   0,   0,   0,   0
  1,   0,   0,  -1,   1,   0,  -3,   4,   0,   0,   0,   0,   0,   0
  0,   0,   0,   0,   2,   0,   0,  -1,   2,   0,   0,   0,   0,   0
  0,   0,  -1,   1,   1,   0,   0,   0,   2,   0,   0,   0,   0,   0
  0,   0,  -2,   2,   0,   1,   0,  -2,   0,   0,   0,   0,   0,   0
  0,   0,   0,   0,   0,   0,   3,  -5,   0,   2,   0,   0,   0,   0
 -2,   0,   0,   2,   1,   0,   0,   2,   0,  -3,   1,   0,   0,   0
 -2,   0,   0,   2,   1,   0,   3,  -3,   0,   0,   0,   0,   0,   0
  0,   0,   0,   0,   1,   0,   8, -13,   0,   0,   0,   0,   0,   0
  0,   0,  -1,   1,   0,   0,   8, -12,   0,   0,   0,   0,   0,   0
  0,   0,   2,  -2,   1,   0,  -8,  11,   0,   0,   0,   0,   0,   0
 -1,   0,   0,   1,   0,   0,   0,   2,  -2,   0,   0,   0,   0,   0
 -1,   0,   0,   0,   1,   0,  18, -16,   0,   0,   0,   0,   0,   0
  0,   0,   1,  -1,   1,   0,   0,  -1,   0,  -1,   1,   0,   0,   0
  0,   0,   0,   0,   1,   0,   3,  -7,   4,   0,   0,   0,   0,   0
 -2,   0,   1,   1,   1,   0,   0,  -3,   7,   0,   0,   0,   0,   0
  0,   0,   1,  -1,   2,   0,   0,  -1,   0,  -2,   5,   0,   0,   0
  0,   0,   0,   0,   1,   0,   0,   0,   0,  -2,   5,   0,   0,   0
  0,   0,   0,   0,   1,   0,   0,  -4,   8,  -3,   0,   0,   0,   0
  1,   0,   0,   0,   1,   0, -10,   3,   0,   0,   0,   0,   0,   0
  0,   0,   2,  -2,   1,   0,   0,  -2,   0,   0,   0,   0,   0,   0
 -1,   0,   0,   0,   1,   0,  10,  -3,   0,   0,   0,   0,   0,   0
  0,   0,   0,   0,   1,   0,   0,   4,  -8,   3,   0,   0,   0,   0
  0,   0,   0,   0,   1,   0,   0,   0,   0,   2,  -5,   0,   0,   0
  0,   0,  -1,   1,   0,   0,   0,   1,   0,   2,  -5,   0,   0,   0
  2,   0,  -1,  -1,   1,   0,   0,   3,  -7,   0,   0,   0,   0,   0
 -2,   0,   0,   2,   0,   0,   0,   2,   0,   0,  -5,   0,   0,   0
  0,   0,   0,   0,   1,   0,  -3,   7,  -4,   0,   0,   0,   0,   0
 -2,   0,   0,   2,   0,   0,   0,   2,   0,  -2,   0,   0,   0,   0
  1,   0,   0,   0,   1,   0, -18,  16,   0,   0,   0,   0,   0,   0
 -2,   0,   1,   1,   1,   0,   0,   1,   0,  -2,   0,   0,   0,   0
  0,   0,   1,  -1,   2,   0,  -8,  12,   0,   0,   0,   0,   0,   0
  0,   0,   0,   0,   1,   0,  -8,  13,   0,   0,   0,   0,   0,   0
  0,   0,   0,   0,   0,   0,   0,   1,  -2,   0,   0,   0,   0,   1
  0,   0,   1,  -1,   1,   0,   0,   0,  -2,   0,   0,   0,   0,   0
  0,   0,   0,   0,   0,   0,   0,   1,  -2,   0,   0,   0,   0,   0
  0,   0,   1,  -1,   1,   0,   0,  -2,   2,   0,   0,   0,   0,   0
  0,   0,   0,   0,   0,   0,   0,  -1,   2,   0,   0,   0,   0,   1
 -1,   0,   0,   1,   1,   0,   3,  -4,   0,   0,   0,   0,   0,   0
 -1,   0,   0,   1,   1,   0,   0,   3,  -4,   0,   0,   0,   0,   0
  0,   0,   1,  -1,   1,   0,   0,  -1,   0,   0,  -2,   0,   0,   0
  0,   0,   1,  -1,   1,   0,   0,  -1,   0,   0,   2,   0,   0,   0
  0,   0,   0,   0,   0,   0,   0,   0,   0,   0,   2,   0,   0,   1
  0,   0,   0,   0,   0,   0,   0,   0,   0,   0,   2,   0,   0,   2
  0,   0,   1,  -1,   0,   0,   3,  -6,   0,   0,   0,   0,   0,   0
  0,   0,   0,   0,   1,   0,  -3,   5,   0,   0,   0,   0,   0,   0
  0,   0,   1,  -1,   2,   0,  -3,   4,   0,   0,   0,   0,   0,   0
  0,   0,   0,   0,   1,   0,   0,  -2,   4,   0,   0,   0,   0,   0
  0,   0,   2,  -2,   1,   0,  -5,   6,   0,   0,   0,   0,   0,   0
  0,   0,  -1,   1,   0,   0,   5,  -7,   0,   0,   0,   0,   0,   0
  0,   0,   0,   0,   1,   0,   5,  -8,   0,   0,   0,   0,   0,   0
 -2,   0,   0,   2,   1,   0,   6,  -8,   0,   0,   0,   0,   0,   0
  0,   0,   0,   0,   1,   0,   0,  -8,  15,   0,   0,   0,   0,   0
 -2,   0,   0,   2,   1,   0,   0,   2,   0,  -3,   0,   0,   0,   0
 -2,   0,   0,   2,   1,   0,   0,   6,  -8,   0,   0,   0,   0,   0
  1,   0,   0,  -1,   1,   0,   0,  -1,   0,   1,   0,   0,   0,   0
  0,   0,   0,   0,   0,   0,   0,   0,   0,   3,  -5,   0,   0,   0
  0,   0,   1,  -1,   1,   0,   0,  -1,   0,  -1,   0,   0,   0,   0
  0,   0,   0,   0,   0,   0,   0,   0,   0,  -1,   0,   0,   0,   1
  0,   0,   0,   0,   0,   0,   0,   0,   0,   1,   0,   0,   0,   0
  0,   0,   0,   0,   0,   0,   0,   0,   0,   1,   0,   0,   0,   1
  0,   0,   1,  -1,   1,   0,   0,  -1,   0,   1,   0,   0,   0,   0
  0,   0,   0,   0,   0,   0,   0,   0,   0,   1,   0,   0,   0,   1
  0,   0,   0,   0,   0,   0,   0,   0,   0,   1,   0,   0,   0,   2
  0,   0,   1,  -1,   2,   0,   0,  -1,   0,   0,  -1,   0,   0,   0
  0,   0,   0,   0,   1,   0,   0,   0,   0,   0,  -1,   0,   0,   0
  0,   0,  -1,   1,   0,   0,   0,   1,   0,   0,  -1,   0,   0,   0
  0,   0,   0,   0,   0,   0,   0,  -7,  13,   0,   0,   0,   0,   2
  0,   0,   0,   0,   0,   0,   0,   7, -13,   0,   0,   0,   0,   0
  2,   0,   0,  -2,   1,   0,   0,  -5,   6,   0,   0,   0,   0,   0
  0,   0,   2,  -2,   1,   0,   0,  -8,  11,   0,   0,   0,   0,   0
  0,   0,   2,  -2,   1,  -1,   0,   2,   0,   0,   0,   0,   0,   0
 -2,   0,   0,   2,   0,   0,   0,   4,  -4,   0,   0,   0,   0,   0
  0,   0,   0,   0,   0,   0,   0,   0,   0,   2,  -2,   0,   0,   0
  0,   0,   1,  -1,   1,   0,   0,  -1,   0,   0,   3,   0,   0,   0
  0,   0,   0,   0,   0,   0,   0,   0,   0,   0,   3,   0,   0,   1
  0,   0,   0,   0,   0,   0,   0,   0,   0,   0,   3,   0,   0,   2
 -2,   0,   0,   2,   0,   0,   3,  -3,   0,   0,   0,   0,   0,   0
  0,   0,   0,   0,   2,   0,   0,  -4,   8,  -3,   0,   0,   0,   0
  0,   0,   0,   0,   2,   0,   0,   4,  -8,   3,   0,   0,   0,   0
  2,   0,   0,  -2,   1,   0,   0,  -2,   0,   2,   0,   0,   0,   0
  0,   0,   1,  -1,   2,   0,   0,  -1,   0,   2,   0,   0,   0,   0
  0,   0,   1,  -1,   2,   0,   0,   0,  -2,   0,   0,   0,   0,   0
  0,   0,   0,   0,   1,   0,   0,   1,  -2,   0,   0,   0,   0,   0
  0,   0,  -1,   1,   0,   0,   0,   2,  -2,   0,   0,   0,   0,   0
  0,   0,  -1,   1,   0,   0,   0,   1,   0,   0,  -2,   0,   0,   0
  0,   0,   2,  -2,   1,   0,   0,  -2,   0,   0,   2,   0,   0,   0
  0,   0,   1,  -1,   1,   0,   3,  -6,   0,   0,   0,   0,   0,   0
  0,   0,   0,   0,   0,   0,   3,  -5,   0,   0,   0,   0,   0,   1
  0,   0,   0,   0,   0,   0,   3,  -5,   0,   0,   0,   0,   0,   0
  0,   0,   1,  -1,   1,   0,  -3,   4,   0,   0,   0,   0,   0,   0
  0,   0,   0,   0,   0,   0,  -3,   5,   0,   0,   0,   0,   0,   1
  0,   0,   0,   0,   0,   0,  -3,   5,   0,   0,   0,   0,   0,   2
  0,   0,   2,  -2,   2,   0,  -3,   3,   0,   0,   0,   0,   0,   0
  0,   0,   0,   0,   0,   0,  -3,   5,   0,   0,   0,   0,   0,   2
  0,   0,   0,   0,   0,   0,   0,   2,  -4,   0,   0,   0,   0,   1
  0,   0,   1,  -1,   1,   0,   0,   1,  -4,   0,   0,   0,   0,   0
  0,   0,   0,   0,   0,   0,   0,   2,  -4,   0,   0,   0,   0,   0
  0,   0,   0,   0,   0,   0,   0,  -2,   4,   0,   0,   0,   0,   1
  0,   0,   1,  -1,   1,   0,   0,  -3,   4,   0,   0,   0,   0,   0
  0,   0,   0,   0,   0,   0,   0,  -2,   4,   0,   0,   0,   0,   1
  0,   0,   0,   0,   0,   0,   0,  -2,   4,   0,   0,   0,   0,   2
  0,   0,   0,   0,   0,   0,  -5,   8,   0,   0,   0,   0,   0,   2
  0,   0,   2,  -2,   2,   0,  -5,   6,   0,   0,   0,   0,   0,   0
  0,   0,   0,   0,   0,   0,  -5,   8,   0,   0,   0,   0,   0,   2
  0,   0,   0,   0,   0,   0,  -5,   8,   0,   0,   0,   0,   0,   1
  0,   0,   1,  -1,   1,   0,  -5,   7,   0,   0,   0,   0,   0,   0
  0,   0,   0,   0,   0,   0,  -5,   8,   0,   0,   0,   0,   0,   1
  0,   0,   0,   0,   0,   0,   5,  -8,   0,   0,   0,   0,   0,   0
  0,   0,   1,  -1,   2,   0,   0,  -1,   0,  -1,   0,   0,   0,   0
  0,   0,   0,   0,   1,   0,   0,   0,   0,  -1,   0,   0,   0,   0
  0,   0,  -1,   1,   0,   0,   0,   1,   0,  -1,   0,   0,   0,   0
  0,   0,   2,  -2,   1,   0,   0,  -2,   0,   1,   0,   0,   0,   0
  0,   0,   0,   0,   0,   0,   0,  -6,  11,   0,   0,   0,   0,   2
  0,   0,   0,   0,   0,   0,   0,   6, -11,   0,   0,   0,   0,   0
  0,   0,   0,   0,   0,  -1,   0,   4,   0,   0,   0,   0,   0,   2
  0,   0,   0,   0,   0,   1,   0,  -4,   0,   0,   0,   0,   0,   0
  2,   0,   0,  -2,   1,   0,  -3,   3,   0,   0,   0,   0,   0,   0
 -2,   0,   0,   2,   0,   0,   0,   2,   0,   0,  -2,   0,   0,   0
  0,   0,   2,  -2,   1,   0,   0,  -7,   9,   0,   0,   0,   0,   0
  0,   0,   0,   0,   0,   0,   0,   0,   0,   4,  -5,   0,   0,   2
  0,   0,   0,   0,   0,   0,   0,   0,   0,   2,   0,   0,   0,   0
  0,   0,   0,   0,   0,   0,   0,   0,   0,   2,   0,   0,   0,   1
  0,   0,   1,  -1,   1,   0,   0,  -1,   0,   2,   0,   0,   0,   0
  0,   0,   0,   0,   0,   0,   0,   0,   0,   2,   0,   0,   0,   1
  0,   0,   0,   0,   0,   0,   0,   0,   0,   2,   0,   0,   0,   2
  0,   0,   2,  -2,   2,   0,   0,  -2,   0,   2,   0,   0,   0,   0
  0,   0,   0,   0,   0,   0,   0,   0,   0,   0,   5,   0,   0,   2
  0,   0,   0,   0,   1,   0,   3,  -5,   0,   0,   0,   0,   0,   0
  0,   0,  -1,   1,   0,   0,   3,  -4,   0,   0,   0,   0,   0,   0
  0,   0,   2,  -2,   1,   0,  -3,   3,   0,   0,   0,   0,   0,   0
  0,   0,   0,   0,   1,   0,   0,   2,  -4,   0,   0,   0,   0,   0
  0,   0,   2,  -2,   1,   0,   0,  -4,   4,   0,   0,   0,   0,   0
  0,   0,   1,  -1,   2,   0,  -5,   7,   0,   0,   0,   0,   0,   0
  0,   0,   0,   0,   0,   0,   0,   3,  -6,   0,   0,   0,   0,   0
  0,   0,   0,   0,   0,   0,   0,  -3,   6,   0,   0,   0,   0,   1
  0,   0,   1,  -1,   1,   0,   0,  -4,   6,   0,   0,   0,   0,   0
  0,   0,   0,   0,   0,   0,   0,  -3,   6,   0,   0,   0,   0,   1
  0,   0,   0,   0,   0,   0,   0,  -3,   6,   0,   0,   0,   0,   2
  0,   0,  -1,   1,   0,   0,   2,  -2,   0,   0,   0,   0,   0,   0
  0,   0,   0,   0,   1,   0,   2,  -3,   0,   0,   0,   0,   0,   0
  0,   0,   0,   0,   0,   0,   0,  -5,   9,   0,   0,   0,   0,   2
  0,   0,   0,   0,   0,   0,   0,  -5,   9,   0,   0,   0,   0,   1
  0,   0,   0,   0,   0,   0,   0,   5,  -9,   0,   0,   0,   0,   0
  0,   0,  -1,   1,   0,   0,   0,   1,   0,  -2,   0,   0,   0,   0
  0,   0,   2,  -2,   1,   0,   0,  -2,   0,   2,   0,   0,   0,   0
 -2,   0,   1,   1,   1,   0,   0,   1,   0,   0,   0,   0,   0,   0
  0,   0,  -2,   2,   0,   0,   3,  -3,   0,   0,   0,   0,   0,   0
  0,   0,   0,   0,   0,   0,  -6,  10,   0,   0,   0,   0,   0,   1
  0,   0,   0,   0,   0,   0,  -6,  10,   0,   0,   0,   0,   0,   2
  0,   0,   0,   0,   0,   0,  -2,   3,   0,   0,   0,   0,   0,   2
  0,   0,   0,   0,   0,   0,  -2,   3,   0,   0,   0,   0,   0,   1
  0,   0,   1,  -1,   1,   0,  -2,   2,   0,   0,   0,   0,   0,   0
  0,   0,   0,   0,   0,   0,   2,  -3,   0,   0,   0,   0,   0,   0
  0,   0,   0,   0,   0,   0,   2,  -3,   0,   0,   0,   0,   0,   1
  0,   0,   0,   0,   0,   0,   0,   0,   0,   3,   0,   0,   0,   1
  0,   0,   1,  -1,   1,   0,   0,  -1,   0,   3,   0,   0,   0,   0
  0,   0,   0,   0,   0,   0,   0,   0,   0,   3,   0,   0,   0,   1
  0,   0,   0,   0,   0,   0,   0,   0,   0,   3,   0,   0,   0,   2
  0,   0,   0,   0,   0,   0,   0,   4,  -8,   0,   0,   0,   0,   0
  0,   0,   0,   0,   0,   0,   0,  -4,   8,   0,   0,   0,   0,   2
  0,   0,  -2,   2,   0,   0,   0,   2,   0,  -2,   0,   0,   0,   0
  0,   0,   0,   0,   0,   0,   0,  -4,   7,   0,   0,   0,   0,   2
  0,   0,   0,   0,   0,   0,   0,  -4,   7,   0,   0,   0,   0,   1
  0,   0,   0,   0,   0,   0,   0,   4,  -7,   0,   0,   0,   0,   0
  0,   0,   0,   0,   1,   0,  -2,   3,   0,   0,   0,   0,   0,   0
  0,   0,   2,  -2,   1,   0,   0,  -2,   0,   3,   0,   0,   0,   0
  0,   0,   0,   0,   0,   0,   0,  -5,  10,   0,   0,   0,   0,   2
  0,   0,   0,   0,   1,   0,  -1,   2,   0,   0,   0,   0,   0,   0
  0,   0,   0,   0,   0,   0,   0,   0,   0,   4,   0,   0,   0,   2
  0,   0,   0,   0,   0,   0,   0,  -3,   5,   0,   0,   0,   0,   2
  0,   0,   0,   0,   0,   0,   0,  -3,   5,   0,   0,   0,   0,   1
  0,   0,   0,   0,   0,   0,   0,   3,  -5,   0,   0,   0,   0,   0
  0,   0,   0,   0,   0,   0,   1,  -2,   0,   0,   0,   0,   0,   1
  0,   0,   1,  -1,   1,   0,   1,  -3,   0,   0,   0,   0,   0,   0
  0,   0,   0,   0,   0,   0,   1,  -2,   0,   0,   0,   0,   0,   0
  0,   0,   0,   0,   0,   0,  -1,   2,   0,   0,   0,   0,   0,   1
  0,   0,   0,   0,   0,   0,  -1,   2,   0,   0,   0,   0,   0,   2
  0,   0,   0,   0,   0,   0,  -7,  11,   0,   0,   0,   0,   0,   2
  0,   0,   0,   0,   0,   0,  -7,  11,   0,   0,   0,   0,   0,   1
  0,   0,  -2,   2,   0,   0,   4,  -4,   0,   0,   0,   0,   0,   0
  0,   0,   0,   0,   0,   0,   0,   2,  -3,   0,   0,   0,   0,   0
  0,   0,   2,  -2,   1,   0,  -4,   4,   0,   0,   0,   0,   0,   0
  0,   0,  -1,   1,   0,   0,   4,  -5,   0,   0,   0,   0,   0,   0
  0,   0,   0,   0,   0,   0,   0,   1,  -1,   0,   0,   0,   0,   0
  0,   0,   0,   0,   0,   0,  -4,   7,   0,   0,   0,   0,   0,   1
  0,   0,   1,  -1,   1,   0,  -4,   6,   0,   0,   0,   0,   0,   0
  0,   0,   0,   0,   0,   0,  -4,   7,   0,   0,   0,   0,   0,   2
  0,   0,   0,   0,   0,   0,  -4,   6,   0,   0,   0,   0,   0,   2
  0,   0,   0,   0,   0,   0,  -4,   6,   0,   0,   0,   0,   0,   1
  0,   0,   1,  -1,   1,   0,  -4,   5,   0,   0,   0,   0,   0,   0
  0,   0,   0,   0,   0,   0,  -4,   6,   0,   0,   0,   0,   0,   1
  0,   0,   0,   0,   0,   0,   4,  -6,   0,   0,   0,   0,   0,   0
 -2,   0,   0,   2,   0,   0,   2,  -2,   0,   0,   0,   0,   0,   0
  0,   0,   0,   0,   0,   0,   0,   0,   1,   0,   0,   0,   0,   0
  0,   0,  -1,   1,   0,   0,   1,   0,   0,   0,   0,   0,   0,   0
  0,   0,   0,   0,   1,   0,   1,  -1,   0,   0,   0,   0,   0,   0
  0,   0,   0,   0,   0,   0,   0,  -1,   0,   5,   0,   0,   0,   2
  0,   0,   0,   0,   0,   0,   0,   1,  -3,   0,   0,   0,   0,   0
  0,   0,   0,   0,   0,   0,   0,  -1,   3,   0,   0,   0,   0,   2
  0,   0,   0,   0,   0,   0,   0,  -7,  12,   0,   0,   0,   0,   2
  0,   0,   0,   0,   0,   0,  -1,   1,   0,   0,   0,   0,   0,   2
  0,   0,   0,   0,   0,   0,  -1,   1,   0,   0,   0,   0,   0,   1
  0,   0,   1,  -1,   1,   0,  -1,   0,   0,   0,   0,   0,   0,   0
  0,   0,   0,   0,   0,   0,   1,  -1,   0,   0,   0,   0,   0,   0
  0,   0,   0,   0,   0,   0,   1,  -1,   0,   0,   0,   0,   0,   1
  0,   0,   1,  -1,   1,   0,   1,  -2,   0,   0,   0,   0,   0,   0
  0,   0,   0,   0,   0,   0,   0,  -2,   5,   0,   0,   0,   0,   2
  0,   0,   0,   0,   0,   0,   0,  -1,   0,   4,   0,   0,   0,   2
  0,   0,   0,   0,   0,   0,   0,   1,   0,  -4,   0,   0,   0,   0
  0,   0,   0,   0,   1,   0,  -1,   1,   0,   0,   0,   0,   0,   0
  0,   0,   0,   0,   0,   0,   0,  -6,  10,   0,   0,   0,   0,   2
  0,   0,   0,   0,   0,   0,   0,  -6,  10,   0,   0,   0,   0,   0
  0,   0,   2,  -2,   1,   0,   0,  -3,   0,   3,   0,   0,   0,   0
  0,   0,   0,   0,   0,   0,   0,  -3,   7,   0,   0,   0,   0,   2
 -2,   0,   0,   2,   0,   0,   4,  -4,   0,   0,   0,   0,   0,   0
  0,   0,   0,   0,   0,   0,   0,  -5,   8,   0,   0,   0,   0,   2
  0,   0,   0,   0,   0,   0,   0,   5,  -8,   0,   0,   0,   0,   0
  0,   0,   0,   0,   0,   0,   0,  -1,   0,   3,   0,   0,   0,   2
  0,   0,   0,   0,   0,   0,   0,  -1,   0,   3,   0,   0,   0,   1
  0,   0,   0,   0,   0,   0,   0,   1,   0,  -3,   0,   0,   0,   0
  0,   0,   0,   0,   0,   0,   2,  -4,   0,   0,   0,   0,   0,   0
  0,   0,   0,   0,   0,   0,  -2,   4,   0,   0,   0,   0,   0,   1
  0,   0,   1,  -1,   1,   0,  -2,   3,   0,   0,   0,   0,   0,   0
  0,   0,   0,   0,   0,   0,  -2,   4,   0,   0,   0,   0,   0,   2
  0,   0,   0,   0,   0,   0,  -6,   9,   0,   0,   0,   0,   0,   2
  0,   0,   0,   0,   0,   0,  -6,   9,   0,   0,   0,   0,   0,   1
  0,   0,   0,   0,   0,   0,   6,  -9,   0,   0,   0,   0,   0,   0
  0,   0,   0,   0,   1,   0,   0,   1,   0,  -2,   0,   0,   0,   0
  0,   0,   2,  -2,   1,   0,  -2,   2,   0,   0,   0,   0,   0,   0
  0,   0,   0,   0,   0,   0,   0,  -4,   6,   0,   0,   0,   0,   2
  0,   0,   0,   0,   0,   0,   0,   4,  -6,   0,   0,   0,   0,   0
  0,   0,   0,   0,   1,   0,   3,  -4,   0,   0,   0,   0,   0,   0
  0,   0,   0,   0,   0,   0,   0,  -1,   0,   2,   0,   0,   0,   2
  0,   0,   0,   0,   0,   0,   0,   1,   0,  -2,   0,   0,   0,   0
  0,   0,   0,   0,   1,   0,   0,   1,   0,  -1,   0,   0,   0,   0
  0,   0,   0,   0,   0,   0,  -5,   9,   0,   0,   0,   0,   0,   2
  0,   0,   0,   0,   0,   0,   0,   3,  -4,   0,   0,   0,   0,   0
  0,   0,   0,   0,   0,   0,  -3,   4,   0,   0,   0,   0,   0,   2
  0,   0,   0,   0,   0,   0,  -3,   4,   0,   0,   0,   0,   0,   1
  0,   0,   0,   0,   0,   0,   3,  -4,   0,   0,   0,   0,   0,   0
  0,   0,   0,   0,   0,   0,   3,  -4,   0,   0,   0,   0,   0,   1
  0,   0,   0,   0,   1,   0,   0,   2,  -2,   0,   0,   0,   0,   0
  0,   0,   0,   0,   1,   0,   0,  -1,   0,   2,   0,   0,   0,   0
  0,   0,   0,   0,   0,   0,   0,   1,   0,   0,  -3,   0,   0,   0
  0,   0,   0,   0,   0,   0,   0,   1,   0,   1,  -5,   0,   0,   0
  0,   0,   0,   0,   0,   0,   0,  -1,   0,   1,   0,   0,   0,   1
  0,   0,   0,   0,   0,   0,   0,   1,   0,  -1,   0,   0,   0,   0
  0,   0,   0,   0,   0,   0,   0,   1,   0,  -1,   0,   0,   0,   1
  0,   0,   0,   0,   0,   0,   0,   1,   0,  -3,   5,   0,   0,   0
  0,   0,   0,   0,   1,   0,  -3,   4,   0,   0,   0,   0,   0,   0
  0,   0,   0,   0,   0,   0,   0,   1,   0,   0,  -2,   0,   0,   0
  0,   0,   0,   0,   0,   0,   0,   2,  -2,   0,   0,   0,   0,   0
  0,   0,   0,   0,   0,   0,   0,   1,   0,   0,  -1,   0,   0,   0
  0,   0,   0,   0,   1,   0,   0,  -1,   0,   1,   0,   0,   0,   0
  0,   0,   0,   0,   1,   0,   0,  -2,   2,   0,   0,   0,   0,   0
  0,   0,   0,   0,   0,   0,  -8,  14,   0,   0,   0,   0,   0,   2
  0,   0,   0,   0,   0,   0,   0,   1,   0,   2,  -5,   0,   0,   0
  0,   0,   0,   0,   0,   0,   0,   5,  -8,   3,   0,   0,   0,   0
  0,   0,   0,   0,   0,   0,   0,   5,  -8,   3,   0,   0,   0,   2
  0,   0,   0,   0,   0,   0,   0,  -1,   0,   0,   0,   0,   0,   1
  0,   0,   0,   0,   0,   0,   0,   1,   0,   0,   0,   0,   0,   0
  0,   0,   0,   0,   0,   0,   0,   3,  -8,   3,   0,   0,   0,   0
  0,   0,   0,   0,   0,   0,   0,  -3,   8,  -3,   0,   0,   0,   2
  0,   0,   0,   0,   0,   0,   0,   1,   0,  -2,   5,   0,   0,   2
  0,   0,   0,   0,   0,   0,  -8,  12,   0,   0,   0,   0,   0,   2
  0,   0,   0,   0,   0,   0,  -8,  12,   0,   0,   0,   0,   0,   0
  0,   0,   0,   0,   0,   0,   0,   1,   0,   1,  -2,   0,   0,   0
  0,   0,   0,   0,   0,   0,   0,   1,   0,   0,   1,   0,   0,   2
  0,   0,   0,   0,   0,   0,   0,   0,   2,   0,   0,   0,   0,   0
  0,   0,   0,   0,   0,   0,   0,   0,   2,   0,   0,   0,   0,   2
  0,   0,   0,   0,   0,   0,   0,   1,   0,   0,   2,   0,   0,   2
  0,   0,   2,  -2,   1,   0,  -5,   5,   0,   0,   0,   0,   0,   0
  0,   0,   0,   0,   0,   0,   0,   1,   0,   1,   0,   0,   0,   0
  0,   0,   0,   0,   0,   0,   0,   1,   0,   1,   0,   0,   0,   1
  0,   0,   0,   0,   0,   0,   0,   1,   0,   1,   0,   0,   0,   2
  0,   0,   0,   0,   0,   0,   3,  -6,   0,   0,   0,   0,   0,   0
  0,   0,   0,   0,   0,   0,  -3,   6,   0,   0,   0,   0,   0,   1
  0,   0,   0,   0,   0,   0,  -3,   6,   0,   0,   0,   0,   0,   2
  0,   0,   0,   0,   0,   0,   0,  -1,   4,   0,   0,   0,   0,   2
  0,   0,   0,   0,   0,   0,  -5,   7,   0,   0,   0,   0,   0,   2
  0,   0,   0,   0,   0,   0,  -5,   7,   0,   0,   0,   0,   0,   1
  0,   0,   1,  -1,   1,   0,  -5,   6,   0,   0,   0,   0,   0,   0
  0,   0,   0,   0,   0,   0,   5,  -7,   0,   0,   0,   0,   0,   0
  0,   0,   2,  -2,   1,   0,   0,  -1,   0,   1,   0,   0,   0,   0
  0,   0,   0,   0,   0,   0,   0,  -1,   0,   1,   0,   0,   0,   0
  0,   0,   0,   0,   0,  -1,   0,   3,   0,   0,   0,   0,   0,   2
  0,   0,   0,   0,   0,   0,   0,   1,   0,   2,   0,   0,   0,   2
  0,   0,   0,   0,   0,   0,   0,  -2,   6,   0,   0,   0,   0,   2
  0,   0,   0,   0,   1,   0,   2,  -2,   0,   0,   0,   0,   0,   0
  0,   0,   0,   0,   0,   0,   0,  -6,   9,   0,   0,   0,   0,   2
  0,   0,   0,   0,   0,   0,   0,   6,  -9,   0,   0,   0,   0,   0
  0,   0,   0,   0,   0,   0,  -2,   2,   0,   0,   0,   0,   0,   1
  0,   0,   1,  -1,   1,   0,  -2,   1,   0,   0,   0,   0,   0,   0
  0,   0,   0,   0,   0,   0,   2,  -2,   0,   0,   0,   0,   0,   0
  0,   0,   0,   0,   0,   0,   2,  -2,   0,   0,   0,   0,   0,   1
  0,   0,   0,   0,   0,   0,   0,   1,   0,   3,   0,   0,   0,   2
  0,   0,   0,   0,   0,   0,   0,  -5,   7,   0,   0,   0,   0,   2
  0,   0,   0,   0,   0,   0,   0,   5,  -7,   0,   0,   0,   0,   0
  0,   0,   0,   0,   1,   0,  -2,   2,   0,   0,   0,   0,   0,   0
  0,   0,   0,   0,   0,   0,   0,   4,  -5,   0,   0,   0,   0,   0
  0,   0,   0,   0,   0,   0,   1,  -3,   0,   0,   0,   0,   0,   0
  0,   0,   0,   0,   0,   0,  -1,   3,   0,   0,   0,   0,   0,   1
  0,   0,   1,  -1,   1,   0,  -1,   2,   0,   0,   0,   0,   0,   0
  0,   0,   0,   0,   0,   0,  -1,   3,   0,   0,   0,   0,   0,   2
  0,   0,   0,   0,   0,   0,  -7,  10,   0,   0,   0,   0,   0,   2
  0,   0,   0,   0,   0,   0,  -7,  10,   0,   0,   0,   0,   0,   1
  0,   0,   0,   0,   0,   0,   0,   3,  -3,   0,   0,   0,   0,   0
  0,   0,   0,   0,   0,   0,  -4,   8,   0,   0,   0,   0,   0,   2
  0,   0,   0,   0,   0,   0,  -4,   5,   0,   0,   0,   0,   0,   2
  0,   0,   0,   0,   0,   0,  -4,   5,   0,   0,   0,   0,   0,   1
  0,   0,   0,   0,   0,   0,   4,  -5,   0,   0,   0,   0,   0,   0
  0,   0,   0,   0,   0,   0,   0,   1,   1,   0,   0,   0,   0,   2
  0,   0,   0,   0,   0,   0,   0,  -2,   0,   5,   0,   0,   0,   2
  0,   0,   0,   0,   0,   0,   0,   0,   3,   0,   0,   0,   0,   2
  0,   0,   0,   0,   0,   0,   1,   0,   0,   0,   0,   0,   0,   0
  0,   0,   0,   0,   0,   0,   1,   0,   0,   0,   0,   0,   0,   2
  0,   0,   0,   0,   0,   0,  -9,  13,   0,   0,   0,   0,   0,   2
  0,   0,   0,   0,   0,   0,   0,  -1,   5,   0,   0,   0,   0,   2
  0,   0,   0,   0,   0,   0,   0,  -2,   0,   4,   0,   0,   0,   2
  0,   0,   0,   0,   0,   0,   0,   2,   0,  -4,   0,   0,   0,   0
  0,   0,   0,   0,   0,   0,   0,  -2,   7,   0,   0,   0,   0,   2
  0,   0,   0,   0,   0,   0,   0,   2,   0,  -3,   0,   0,   0,   0
  0,   0,   0,   0,   0,   0,  -2,   5,   0,   0,   0,   0,   0,   1
  0,   0,   0,   0,   0,   0,  -2,   5,   0,   0,   0,   0,   0,   2
  0,   0,   0,   0,   0,   0,  -6,   8,   0,   0,   0,   0,   0,   2
  0,   0,   0,   0,   0,   0,  -6,   8,   0,   0,   0,   0,   0,   1
  0,   0,   0,   0,   0,   0,   6,  -8,   0,   0,   0,   0,   0,   0
  0,   0,   0,   0,   1,   0,   0,   2,   0,  -2,   0,   0,   0,   0
  0,   0,   0,   0,   0,   0,   0,  -3,   9,   0,   0,   0,   0,   2
  0,   0,   0,   0,   0,   0,   0,   5,  -6,   0,   0,   0,   0,   0
  0,   0,   0,   0,   0,   0,   0,   5,  -6,   0,   0,   0,   0,   2
  0,   0,   0,   0,   0,   0,   0,   2,   0,  -2,   0,   0,   0,   0
  0,   0,   0,   0,   0,   0,   0,   2,   0,  -2,   0,   0,   0,   1
  0,   0,   0,   0,   0,   0,   0,   2,   0,  -2,   0,   0,   0,   2
  0,   0,   0,   0,   0,   0,  -5,  10,   0,   0,   0,   0,   0,   2
  0,   0,   0,   0,   0,   0,   0,   4,  -4,   0,   0,   0,   0,   0
  0,   0,   0,   0,   0,   0,   0,   4,  -4,   0,   0,   0,   0,   2
  0,   0,   0,   0,   0,   0,  -3,   3,   0,   0,   0,   0,   0,   1
  0,   0,   0,   0,   0,   0,   3,  -3,   0,   0,   0,   0,   0,   0
  0,   0,   0,   0,   0,   0,   3,  -3,   0,   0,   0,   0,   0,   1
  0,   0,   0,   0,   0,   0,   3,  -3,   0,   0,   0,   0,   0,   2
  0,   0,   0,   0,   0,   0,   0,   2,   0,   0,  -3,   0,   0,   0
  0,   0,   0,   0,   0,   0,   0,  -5,  13,   0,   0,   0,   0,   2
  0,   0,   0,   0,   0,   0,   0,   2,   0,  -1,   0,   0,   0,   0
  0,   0,   0,   0,   0,   0,   0,   2,   0,  -1,   0,   0,   0,   2
  0,   0,   0,   0,   0,   0,   0,   2,   0,   0,  -2,   0,   0,   0
  0,   0,   0,   0,   0,   0,   0,   2,   0,   0,  -2,   0,   0,   1
  0,   0,   0,   0,   0,   0,   0,   3,  -2,   0,   0,   0,   0,   0
  0,   0,   0,   0,   0,   0,   0,   3,  -2,   0,   0,   0,   0,   2
  0,   0,   0,   0,   0,   0,   0,   2,   0,   0,  -1,   0,   0,   2
  0,   0,   0,   0,   0,   0,   0,  -6,  15,   0,   0,   0,   0,   2
  0,   0,   0,   0,   0,   0,  -8,  15,   0,   0,   0,   0,   0,   2
  0,   0,   0,   0,   0,   0,  -3,   9,  -4,   0,   0,   0,   0,   2
  0,   0,   0,   0,   0,   0,   0,   2,   0,   2,  -5,   0,   0,   2
  0,   0,   0,   0,   0,   0,   0,  -2,   8,  -1,  -5,   0,   0,   2
  0,   0,   0,   0,   0,   0,   0,   6,  -8,   3,   0,   0,   0,   2
  0,   0,   0,   0,   0,   0,   0,   2,   0,   0,   0,   0,   0,   0
  0,   0,   0,   0,   0,   0,   0,   2,   0,   0,   0,   0,   0,   0
  0,   0,   0,   0,   0,   0,   0,   2,   0,   0,   0,   0,   0,   1
  0,   0,   1,  -1,   1,   0,   0,   1,   0,   0,   0,   0,   0,   0
  0,   0,   0,   0,   0,   0,   0,   2,   0,   0,   0,   0,   0,   1
  0,   0,   0,   0,   0,   0,   0,   2,   0,   0,   0,   0,   0,   2
  0,   0,   0,   0,   0,   0,   0,  -6,  16,  -4,  -5,   0,   0,   2
  0,   0,   0,   0,   0,   0,   0,  -2,   8,  -3,   0,   0,   0,   2
  0,   0,   0,   0,   0,   0,   0,  -2,   8,  -3,   0,   0,   0,   2
  0,   0,   0,   0,   0,   0,   0,   6,  -8,   1,   5,   0,   0,   2
  0,   0,   0,   0,   0,   0,   0,   2,   0,  -2,   5,   0,   0,   2
  0,   0,   0,   0,   0,   0,   3,  -5,   4,   0,   0,   0,   0,   2
  0,   0,   0,   0,   0,   0,  -8,  11,   0,   0,   0,   0,   0,   2
  0,   0,   0,   0,   0,   0,  -8,  11,   0,   0,   0,   0,   0,   1
  0,   0,   0,   0,   0,   0,  -8,  11,   0,   0,   0,   0,   0,   2
  0,   0,   0,   0,   0,   0,   0,  11,   0,   0,   0,   0,   0,   2
  0,   0,   0,   0,   0,   0,   0,   2,   0,   0,   1,   0,   0,   2
  0,   0,   0,   0,   0,   0,   3,  -3,   0,   2,   0,   0,   0,   2
  0,   0,   2,  -2,   1,   0,   0,   4,  -8,   3,   0,   0,   0,   0
  0,   0,   1,  -1,   0,   0,   0,   1,   0,   0,   0,   0,   0,   0
  0,   0,   2,  -2,   1,   0,   0,  -4,   8,  -3,   0,   0,   0,   0
  0,   0,   0,   0,   0,   0,   0,   1,   2,   0,   0,   0,   0,   2
  0,   0,   0,   0,   0,   0,   0,   2,   0,   1,   0,   0,   0,   2
  0,   0,   0,   0,   0,   0,  -3,   7,   0,   0,   0,   0,   0,   2
  0,   0,   0,   0,   0,   0,   0,   0,   4,   0,   0,   0,   0,   2
  0,   0,   0,   0,   0,   0,  -5,   6,   0,   0,   0,   0,   0,   2
  0,   0,   0,   0,   0,   0,  -5,   6,   0,   0,   0,   0,   0,   1
  0,   0,   0,   0,   0,   0,   5,  -6,   0,   0,   0,   0,   0,   0
  0,   0,   0,   0,   0,   0,   5,  -6,   0,   0,   0,   0,   0,   2
  0,   0,   0,   0,   0,   0,   0,   2,   0,   2,   0,   0,   0,   2
  0,   0,   0,   0,   0,   0,   0,  -1,   6,   0,   0,   0,   0,   2
  0,   0,   0,   0,   0,   0,   0,   7,  -9,   0,   0,   0,   0,   2
  0,   0,   0,   0,   0,   0,   2,  -1,   0,   0,   0,   0,   0,   0
  0,   0,   0,   0,   0,   0,   2,  -1,   0,   0,   0,   0,   0,   2
  0,   0,   0,   0,   0,   0,   0,   6,  -7,   0,   0,   0,   0,   2
  0,   0,   0,   0,   0,   0,   0,   5,  -5,   0,   0,   0,   0,   2
  0,   0,   0,   0,   0,   0,  -1,   4,   0,   0,   0,   0,   0,   1
  0,   0,   0,   0,   0,   0,  -1,   4,   0,   0,   0,   0,   0,   2
  0,   0,   0,   0,   0,   0,  -7,   9,   0,   0,   0,   0,   0,   2
  0,   0,   0,   0,   0,   0,  -7,   9,   0,   0,   0,   0,   0,   1
  0,   0,   0,   0,   0,   0,   0,   4,  -3,   0,   0,   0,   0,   2
  0,   0,   0,   0,   0,   0,   0,   3,  -1,   0,   0,   0,   0,   2
  0,   0,   0,   0,   0,   0,  -4,   4,   0,   0,   0,   0,   0,   1
  0,   0,   0,   0,   0,   0,   4,  -4,   0,   0,   0,   0,   0,   0
  0,   0,   0,   0,   0,   0,   4,  -4,   0,   0,   0,   0,   0,   1
  0,   0,   0,   0,   0,   0,   4,  -4,   0,   0,   0,   0,   0,   2
  0,   0,   0,   0,   0,   0,   0,   2,   1,   0,   0,   0,   0,   2
  0,   0,   0,   0,   0,   0,   0,  -3,   0,   5,   0,   0,   0,   2
  0,   0,   0,   0,   0,   0,   1,   1,   0,   0,   0,   0,   0,   0
  0,   0,   0,   0,   0,   0,   1,   1,   0,   0,   0,   0,   0,   1
  0,   0,   0,   0,   0,   0,   1,   1,   0,   0,   0,   0,   0,   2
  0,   0,   0,   0,   0,   0,  -9,  12,   0,   0,   0,   0,   0,   2
  0,   0,   0,   0,   0,   0,   0,   3,   0,  -4,   0,   0,   0,   0
  0,   0,   2,  -2,   1,   0,   1,  -1,   0,   0,   0,   0,   0,   0
  0,   0,   0,   0,   0,   0,   0,   7,  -8,   0,   0,   0,   0,   2
  0,   0,   0,   0,   0,   0,   0,   3,   0,  -3,   0,   0,   0,   0
  0,   0,   0,   0,   0,   0,   0,   3,   0,  -3,   0,   0,   0,   2
  0,   0,   0,   0,   0,   0,  -2,   6,   0,   0,   0,   0,   0,   2
  0,   0,   0,   0,   0,   0,  -6,   7,   0,   0,   0,   0,   0,   1
  0,   0,   0,   0,   0,   0,   6,  -7,   0,   0,   0,   0,   0,   0
  0,   0,   0,   0,   0,   0,   0,   6,  -6,   0,   0,   0,   0,   2
  0,   0,   0,   0,   0,   0,   0,   3,   0,  -2,   0,   0,   0,   0
  0,   0,   0,   0,   0,   0,   0,   3,   0,  -2,   0,   0,   0,   2
  0,   0,   0,   0,   0,   0,   0,   5,  -4,   0,   0,   0,   0,   2
  0,   0,   0,   0,   0,   0,   3,  -2,   0,   0,   0,   0,   0,   0
  0,   0,   0,   0,   0,   0,   3,  -2,   0,   0,   0,   0,   0,   2
  0,   0,   0,   0,   0,   0,   0,   3,   0,  -1,   0,   0,   0,   2
  0,   0,   0,   0,   0,   0,   0,   3,   0,  -1,   0,   0,   0,   2
  0,   0,   0,   0,   0,   0,   0,   3,   0,   0,  -2,   0,   0,   2
  0,   0,   0,   0,   0,   0,   0,   4,  -2,   0,   0,   0,   0,   2
  0,   0,   0,   0,   0,   0,   0,   3,   0,   0,  -1,   0,   0,   2
  0,   0,   2,  -2,   1,   0,   0,   1,   0,  -1,   0,   0,   0,   0
  0,   0,   0,   0,   0,   0,  -8,  16,   0,   0,   0,   0,   0,   2
  0,   0,   0,   0,   0,   0,   0,   3,   0,   2,  -5,   0,   0,   2
  0,   0,   0,   0,   0,   0,   0,   7,  -8,   3,   0,   0,   0,   2
  0,   0,   0,   0,   0,   0,   0,  -5,  16,  -4,  -5,   0,   0,   2
  0,   0,   0,   0,   0,   0,   0,   3,   0,   0,   0,   0,   0,   2
  0,   0,   0,   0,   0,   0,   0,  -1,   8,  -3,   0,   0,   0,   2
  0,   0,   0,   0,   0,   0,  -8,  10,   0,   0,   0,   0,   0,   2
  0,   0,   0,   0,   0,   0,  -8,  10,   0,   0,   0,   0,   0,   1
  0,   0,   0,   0,   0,   0,  -8,  10,   0,   0,   0,   0,   0,   2
  0,   0,   0,   0,   0,   0,   0,   2,   2,   0,   0,   0,   0,   2
  0,   0,   0,   0,   0,   0,   0,   3,   0,   1,   0,   0,   0,   2
  0,   0,   0,   0,   0,   0,  -3,   8,   0,   0,   0,   0,   0,   2
  0,   0,   0,   0,   0,   0,  -5,   5,   0,   0,   0,   0,   0,   1
  0,   0,   0,   0,   0,   0,   5,  -5,   0,   0,   0,   0,   0,   0
  0,   0,   0,   0,   0,   0,   5,  -5,   0,   0,   0,   0,   0,   1
  0,   0,   0,   0,   0,   0,   5,  -5,   0,   0,   0,   0,   0,   2
  0,   0,   0,   0,   0,   0,   2,   0,   0,   0,   0,   0,   0,   0
  0,   0,   0,   0,   0,   0,   2,   0,   0,   0,   0,   0,   0,   1
  0,   0,   0,   0,   0,   0,   2,   0,   0,   0,   0,   0,   0,   2
  0,   0,   0,   0,   0,   0,   0,   7,  -7,   0,   0,   0,   0,   2
  0,   0,   0,   0,   0,   0,   0,   7,  -7,   0,   0,   0,   0,   2
  0,   0,   0,   0,   0,   0,   0,   6,  -5,   0,   0,   0,   0,   2
  0,   0,   0,   0,   0,   0,   7,  -8,   0,   0,   0,   0,   0,   0
  0,   0,   0,   0,   0,   0,   0,   5,  -3,   0,   0,   0,   0,   2
  0,   0,   0,   0,   0,   0,   4,  -3,   0,   0,   0,   0,   0,   2
  0,   0,   0,   0,   0,   0,   1,   2,   0,   0,   0,   0,   0,   2
  0,   0,   0,   0,   0,   0,  -9,  11,   0,   0,   0,   0,   0,   2
  0,   0,   0,   0,   0,   0,  -9,  11,   0,   0,   0,   0,   0,   1
  0,   0,   0,   0,   0,   0,   0,   4,   0,  -4,   0,   0,   0,   2
  0,   0,   0,   0,   0,   0,   0,   4,   0,  -3,   0,   0,   0,   2
  0,   0,   0,   0,   0,   0,  -6,   6,   0,   0,   0,   0,   0,   1
  0,   0,   0,   0,   0,   0,   6,  -6,   0,   0,   0,   0,   0,   0
  0,   0,   0,   0,   0,   0,   6,  -6,   0,   0,   0,   0,   0,   1
  0,   0,   0,   0,   0,   0,   0,   4,   0,  -2,   0,   0,   0,   2
  0,   0,   0,   0,   0,   0,   0,   6,  -4,   0,   0,   0,   0,   2
  0,   0,   0,   0,   0,   0,   3,  -1,   0,   0,   0,   0,   0,   0
  0,   0,   0,   0,   0,   0,   3,  -1,   0,   0,   0,   0,   0,   1
  0,   0,   0,   0,   0,   0,   3,  -1,   0,   0,   0,   0,   0,   2
  0,   0,   0,   0,   0,   0,   0,   4,   0,  -1,   0,   0,   0,   2
  0,   0,   0,   0,   0,   0,   0,   4,   0,   0,  -2,   0,   0,   2
  0,   0,   0,   0,   0,   0,   0,   5,  -2,   0,   0,   0,   0,   2
  0,   0,   0,   0,   0,   0,   0,   4,   0,   0,   0,   0,   0,   0
  0,   0,   0,   0,   0,   0,   8,  -9,   0,   0,   0,   0,   0,   0
  0,   0,   0,   0,   0,   0,   5,  -4,   0,   0,   0,   0,   0,   2
  0,   0,   0,   0,   0,   0,   2,   1,   0,   0,   0,   0,   0,   2
  0,   0,   0,   0,   0,   0,   2,   1,   0,   0,   0,   0,   0,   1
  0,   0,   0,   0,   0,   0,   2,   1,   0,   0,   0,   0,   0,   1
  0,   0,   0,   0,   0,   0,  -7,   7,   0,   0,   0,   0,   0,   1
  0,   0,   0,   0,   0,   0,   7,  -7,   0,   0,   0,   0,   0,   0
  0,   0,   0,   0,   0,   0,   4,  -2,   0,   0,   0,   0,   0,   1
  0,   0,   0,   0,   0,   0,   4,  -2,   0,   0,   0,   0,   0,   2
  0,   0,   0,   0,   0,   0,   4,  -2,   0,   0,   0,   0,   0,   0
  0,   0,   0,   0,   0,   0,   4,  -2,   0,   0,   0,   0,   0,   0
  0,   0,   0,   0,   0,   0,   0,   5,   0,  -4,   0,   0,   0,   2
  0,   0,   0,   0,   0,   0,   0,   5,   0,  -3,   0,   0,   0,   2
  0,   0,   0,   0,   0,   0,   0,   5,   0,  -2,   0,   0,   0,   2
  0,   0,   0,   0,   0,   0,   3,   0,   0,   0,   0,   0,   0,   2
  0,   0,   0,   0,   0,   0,  -8,   8,   0,   0,   0,   0,   0,   1
  0,   0,   0,   0,   0,   0,   8,  -8,   0,   0,   0,   0,   0,   0
  0,   0,   0,   0,   0,   0,   5,  -3,   0,   0,   0,   0,   0,   1
  0,   0,   0,   0,   0,   0,   5,  -3,   0,   0,   0,   0,   0,   2
  0,   0,   0,   0,   0,   0,  -9,   9,   0,   0,   0,   0,   0,   1
  0,   0,   0,   0,   0,   0,  -9,   9,   0,   0,   0,   0,   0,   1
  0,   0,   0,   0,   0,   0,  -9,   9,   0,   0,   0,   0,   0,   1
  0,   0,   0,   0,   0,   0,   9,  -9,   0,   0,   0,   0,   0,   0
  0,   0,   0,   0,   0,   0,   6,  -4,   0,   0,   0,   0,   0,   1
  0,   0,   0,   0,   0,   0,   0,   6,   0,   0,   0,   0,   0,   2
  0,   0,   0,   0,   0,   0,   0,   6,   0,   0,   0,   0,   0,   0
  0,   0,   0,   0,   0,   0,   0,   6,   0,   0,   0,   0,   0,   0
  0,   0,   0,   0,   0,   0,   0,   6,   0,   0,   0,   0,   0,   1
  0,   0,   0,   0,   0,   0,   0,   6,   0,   0,   0,   0,   0,   2
  0,   0,   0,   0,   0,   0,   0,   6,   0,   0,   0,   0,   0,   0
  0,   0,   0,   0,   0,   0,   0,   6,   0,   0,   0,   0,   0,   1
  0,   0,   0,   0,   0,   0,   0,   6,   0,   0,   0,   0,   0,   2
  0,   0,   0,   0,   0,   0,   0,   0,   0,   0,   0,   0,   0,   2
  1,   0,   0,  -2,   0,   0,   0,   2,   0,  -2,   0,   0,   0,   0
  1,   0,   0,  -2,   0,   0,   2,  -2,   0,   0,   0,   0,   0,   0
  1,   0,   0,  -2,   0,   0,   0,   1,   0,  -1,   0,   0,   0,   0
  1,   0,   0,  -2,   0,   0,   1,  -1,   0,   0,   0,   0,   0,   0
 -1,   0,   0,   0,   0,   0,   3,  -3,   0,   0,   0,   0,   0,   0
 -1,   0,   0,   0,   0,   0,   0,   2,   0,  -2,   0,   0,   0,   0
 -1,   0,   0,   2,   0,   0,   0,   4,  -8,   3,   0,   0,   0,   0
  1,   0,   0,  -2,   0,   0,   0,   4,  -8,   3,   0,   0,   0,   0
 -2,   0,   0,   2,   0,   0,   0,   4,  -8,   3,   0,   0,   0,   0
 -1,   0,   0,   0,   0,   0,   0,   2,   0,  -3,   0,   0,   0,   0
 -1,   0,   0,   0,   0,   0,   0,   1,   0,  -1,   0,   0,   0,   0
 -1,   0,   0,   0,   0,   0,   1,  -1,   0,   0,   0,   0,   0,   0
 -1,   0,   0,   2,   0,   0,   2,  -2,   0,   0,   0,   0,   0,   0
  1,   0,  -1,   1,   0,   0,   0,   1,   0,   0,   0,   0,   0,   0
 -1,   0,   0,   2,   0,   0,   0,   2,   0,  -3,   0,   0,   0,   0
 -2,   0,   0,   0,   0,   0,   0,   2,   0,  -3,   0,   0,   0,   0
  1,   0,   0,   0,   0,   0,   0,   4,  -8,   3,   0,   0,   0,   0
 -1,   0,   1,  -1,   1,   0,   0,  -1,   0,   0,   0,   0,   0,   0
  1,   0,   1,  -1,   1,   0,   0,  -1,   0,   0,   0,   0,   0,   0
 -1,   0,   0,   0,   0,   0,   0,   4,  -8,   3,   0,   0,   0,   0
 -1,   0,   0,   2,   1,   0,   0,   2,   0,  -2,   0,   0,   0,   0
  0,   0,   0,   0,   0,   0,   0,   2,   0,  -2,   0,   0,   0,   0
 -1,   0,   0,   2,   0,   0,   0,   2,   0,  -2,   0,   0,   0,   0
 -1,   0,   0,   2,   0,   0,   3,  -3,   0,   0,   0,   0,   0,   0
  1,   0,   0,  -2,   1,   0,   0,  -2,   0,   2,   0,   0,   0,   0
  1,   0,   2,  -2,   2,   0,  -3,   3,   0,   0,   0,   0,   0,   0
  1,   0,   2,  -2,   2,   0,   0,  -2,   0,   2,   0,   0,   0,   0
  1,   0,   0,   0,   0,   0,   1,  -1,   0,   0,   0,   0,   0,   0
  1,   0,   0,   0,   0,   0,   0,   1,   0,  -1,   0,   0,   0,   0
  0,   0,   0,  -2,   0,   0,   2,  -2,   0,   0,   0,   0,   0,   0
  0,   0,   0,  -2,   0,   0,   0,   1,   0,  -1,   0,   0,   0,   0
  0,   0,   2,   0,   2,   0,  -2,   2,   0,   0,   0,   0,   0,   0
  0,   0,   2,   0,   2,   0,   0,  -1,   0,   1,   0,   0,   0,   0
  0,   0,   2,   0,   2,   0,  -1,   1,   0,   0,   0,   0,   0,   0
  0,   0,   2,   0,   2,   0,  -2,   3,   0,   0,   0,   0,   0,   0
  0,   0,   0,   2,   0,   0,   0,   2,   0,  -2,   0,   0,   0,   0
  0,   0,   1,   1,   2,   0,   0,   1,   0,   0,   0,   0,   0,   0
  1,   0,   2,   0,   2,   0,   0,   1,   0,   0,   0,   0,   0,   0
 -1,   0,   2,   0,   2,   0,  10,  -3,   0,   0,   0,   0,   0,   0
  0,   0,   1,   1,   1,   0,   0,   1,   0,   0,   0,   0,   0,   0
  1,   0,   2,   0,   2,   0,   0,   1,   0,   0,   0,   0,   0,   0
  0,   0,   2,   0,   2,   0,   0,   4,  -8,   3,   0,   0,   0,   0
  0,   0,   2,   0,   2,   0,   0,  -4,   8,  -3,   0,   0,   0,   0
 -1,   0,   2,   0,   2,   0,   0,  -4,   8,  -3,   0,   0,   0,   0
  2,   0,   2,  -2,   2,   0,   0,  -2,   0,   3,   0,   0,   0,   0
  1,   0,   2,   0,   1,   0,   0,  -2,   0,   3,   0,   0,   0,   0
  0,   0,   1,   1,   0,   0,   0,   1,   0,   0,   0,   0,   0,   0
 -1,   0,   2,   0,   1,   0,   0,   1,   0,   0,   0,   0,   0,   0
 -2,   0,   2,   2,   2,   0,   0,   2,   0,  -2,   0,   0,   0,   0
  0,   0,   2,   0,   2,   0,   2,  -3,   0,   0,   0,   0,   0,   0
  0,   0,   2,   0,   2,   0,   1,  -1,   0,   0,   0,   0,   0,   0
  0,   0,   2,   0,   2,   0,   0,   1,   0,  -1,   0,   0,   0,   0
  0,   0,   2,   0,   2,   0,   2,  -2,   0,   0,   0,   0,   0,   0
 -1,   0,   2,   2,   2,   0,   0,  -1,   0,   1,   0,   0,   0,   0
  1,   0,   2,   0,   2,   0,  -1,   1,   0,   0,   0,   0,   0,   0
 -1,   0,   2,   2,   2,   0,   0,   2,   0,  -3,   0,   0,   0,   0
  2,   0,   2,   0,   2,   0,   0,   2,   0,  -3,   0,   0,   0,   0
  1,   0,   2,   0,   2,   0,   0,  -4,   8,  -3,   0,   0,   0,   0
  1,   0,   2,   0,   2,   0,   0,   4,  -8,   3,   0,   0,   0,   0
  1,   0,   1,   1,   1,   0,   0,   1,   0,   0,   0,   0,   0,   0
  0,   0,   2,   0,   2,   0,   0,   1,   0,   0,   0,   0,   0,   0
  2,   0,   2,   0,   1,   0,   0,   1,   0,   0,   0,   0,   0,   0
 -1,   0,   2,   2,   2,   0,   0,   2,   0,  -2,   0,   0,   0,   0
 -1,   0,   2,   2,   2,   0,   3,  -3,   0,   0,   0,   0,   0,   0
  1,   0,   2,   0,   2,   0,   1,  -1,   0,   0,   0,   0,   0,   0
  0,   0,   2,   2,   2,   0,   0,   2,   0,  -2,   0,   0,   0,   0
